project_id,acronym,startDate,title,topic,coordinator,country,city,orgURL,contactForm,objective_snippet,ecMaxContribution,projectURL
101293990,e-genesis,2026-11-01,Generating Earth iNtelligence for Environmental and Sectoral Impact and Sustainability,HORIZON-CL6-2025-03-GOVERNANCE-09,ETHNIKO ASTEROSKOPEIO ATHINON,EL,ATHINA,http://www.noa.gr,https://ec.europa.eu/info/funding-tenders/opportunities/portal/screen/contact-form/project/999653677/101293990,"E-genesis operationalises Earth Intelligence by transforming Earth Observation, Artificial Intelligence and emerging digital technologies into actionable insights that support EU policy implementation and strategic decision-making. It develops, scales, and demonstrates integrated solutions that stre","7499747,5",https://cordis.europa.eu/project/id/101293990
101287608,NextBON,2026-10-01,Next Generation Biodiversity Observation Network,HORIZON-CL6-2025-01-BIODIV-04,KOBENHAVNS UNIVERSITET,DK,KOBENHAVN,http://www.ku.dk,https://ec.europa.eu/info/funding-tenders/opportunities/portal/screen/contact-form/project/999991043/101287608,"Biodiversity is declining across terrestrial, marine, and freshwater ecosystems. Current monitoring is fragmented, with gaps, inconsistent methods, and limited interoperability, constraining evidence-based conservation. Meeting EU Biodiversity Strategy 2030, Nature Restoration Regulation, and Kunmin",10999230,https://cordis.europa.eu/project/id/101287608
101289878,DigiWaves,2026-10-01,"Towards transparent and sustainable European fisheries through digital innovation in monitoring, control and surveillance",HORIZON-CL6-2025-02-FARM2FORK-11,EIGEN VERMOGEN VAN HET INSTITUUT VOOR LANDBOUW- EN VISSERIJONDERZOEK,BE,Merelbeke,http://www.ilvo.vlaanderen.be,https://ec.europa.eu/info/funding-tenders/opportunities/portal/screen/contact-form/project/998175591/101289878,"DigiWaves will strive to accelerate the transition of European small-scale, long-distance and recreational fisheries towards data-driven management, monitoring and control systems. The project addresses the technical, behavioral, socio-economic challenges of using data as a key driver and enabler of","6049787,63",https://cordis.europa.eu/project/id/101289878
101294684,GROWT5,2026-10-01,Guided Robotic-human Orchestration with Wearables for manufacturing: Twin Transition Through Tactile Teaming,HORIZON-CL4-INDUSTRY-2025-01-TWIN-TRANSITION-02,UNIVERSITA CAMPUS BIO MEDICO DI ROMA,IT,Roma,http://www.unicampus.it,https://ec.europa.eu/info/funding-tenders/opportunities/portal/screen/contact-form/project/999440665/101294684,"GROWT5 aims to develop the first multimodal and bidirectional wearable co-pilot system for physical and cognitive augmentation in advanced manufacturing, fostering a safer, adaptive, and worker-empowering production environment. The project addresses the transition toward safe human–robot factories ","5999767,56",https://cordis.europa.eu/project/id/101294684
101295859,BIOEASTWIDE,2026-10-01,Strengthening of the BIOEAST bioeconomy R&I ecosystem through WIDEning activities and building a partnership for bioeconomy (BIOEASTWIDE),HORIZON-CL6-2025-03-GOVERNANCE-07,AGRAREN UNIVERSITET - PLOVDIV,BG,Plovdiv,https://www.au-plovdiv.bg,https://ec.europa.eu/info/funding-tenders/opportunities/portal/screen/contact-form/project/999870278/101295859,The BIOEASTWIDE project aims to leverage from existing structures and project experiences in order to outline a strategy that strengthens the ERA by advancing the bioeconomy R&I ecosystem across CEE countries called the BIOEASTWIDE partnership. The BIOEASTWIDE partnership will drive this effort thro,"3999562,56",https://cordis.europa.eu/project/id/101295859
101296094,Libfish,2026-10-01,Low Impact Bottom Fishing,HORIZON-MISS-2025-03-OCEAN-03,COOPERATIVA DE ARMADORES DE PESCA DEL PUERTO DE VIGO,ES,VIGO,http://www.arvi.org,https://ec.europa.eu/info/funding-tenders/opportunities/portal/screen/contact-form/project/957644141/101296094,"The LIBFISH project aims to transform fisheries by reducing the environmental impact of fishing vessels. It pioneers a shift in bottom trawling by integrating advanced digitalisation, hybrid propulsion, and precision-controlled fishing. Addressing one of the most energy-intensive and disruptive prac","5770286,88",https://cordis.europa.eu/project/id/101296094
101299049,COMBO,2026-10-01,"Compliance Bot: Automated, Multilingual Compliance Assistance Powered by LDS",HORIZON-CL4-2025-03-DATA-13,DEUTSCHES FORSCHUNGSZENTRUM FUR KUNSTLICHE INTELLIGENZ GMBH,DE,Kaiserslautern,http://www.dfki.de,https://ec.europa.eu/info/funding-tenders/opportunities/portal/screen/contact-form/project/999607602/101299049,"Compliance with EU regulation is becoming a hindrance for innovation, especially for SMEs. To address this, COMBO will develop, validate and demonstrate an innovative multilingual, agentic AI-driven compliance assistance system, scaling core components from TRL 5-6 to TRL 8. The project will deliver","8999687,5",https://cordis.europa.eu/project/id/101299049
101298559,GAINAfrica,2026-10-01,Generative Artificial INtelligence for Africa,HORIZON-CL4-2025-04-HUMAN-08,UNIVERSITA DEGLI STUDI DI ROMA LA SAPIENZA,IT,Roma,http://www.uniroma1.it,https://ec.europa.eu/info/funding-tenders/opportunities/portal/screen/contact-form/project/999987745/101298559,"GAINAfrica proposes a new approach to locally-adapted Generative AI addressing societal needs in African regions. The project develops inclusive, low-resource GenAI models for agriculture, healthcare, education, and infrastructure and urban planning by adopting multilingual, mobile-friendly, and cul",2000000,https://cordis.europa.eu/project/id/101298559
101286996,ALT-PROACT,2026-09-01,"ALTernative PROteins – Awareness, Co-creation, Transformation",HORIZON-CL6-2025-02-FARM2FORK-13,AIT AUSTRIAN INSTITUTE OF TECHNOLOGY GMBH,AT,WIEN,http://www.ait.ac.at/,https://ec.europa.eu/info/funding-tenders/opportunities/portal/screen/contact-form/project/999584128/101286996,"ALT PROACT aims to foster a socially inclusive, science based and culturally contextualised introduction of biotech based alternative proteins, supporting sustainable dietary shifts for citizens and society as a whole. The project contributes to Horizon Europe goals on raising citizen awareness of a","1998545,36",https://cordis.europa.eu/project/id/101286996
101269441,UNCOVER,2026-09-01,"UNlocking the industrial COVERsion of CO2 into renewable, long-lasting and hybrid products",HORIZON-CL5-2025-02-D3-27,INSTITUTO TECNOLOGICO DE ARAGON,ES,ZARAGOZA,https://www.ita.es,https://ec.europa.eu/info/funding-tenders/opportunities/portal/screen/contact-form/project/999509341/101269441,CCU plays a strategic role in climate mitigation and the circular carbon economy by replacing fossil feedstocks in industry. UNCOVER will advance this potential by demonstrating the scalability and sustainability of 6 breakthrough CO2 conversion technologies (CCTs) and 1 secondary conversion technol,"6997838,39",https://cordis.europa.eu/project/id/101269441
101289092,TIPPING,2026-09-01,Dynamic climate-agriculture intelligence for adaptive EU land management and cropping systems,HORIZON-CL6-2025-02-CLIMATE-03,NEUROPUBLIC ANONYMI ETAIREIA PLIROFORIKIS KAI EPIKOINONION,EL,PEIRAIAS,https://www.neuropublic.gr,https://ec.europa.eu/info/funding-tenders/opportunities/portal/screen/contact-form/project/952659990/101289092,"TIPPING addresses the urgent need for climate-intelligent adaptation of European agriculture under shifting agroecological zones and increasing risks of extremes. The project aspires to design, develop, and release a comprehensive, operational, and transferable Agricultural Climate Intelligence Stac","4999090,84",https://cordis.europa.eu/project/id/101289092
101288708,AIR2FOOD,2026-09-01,From Air to Food: The European Hub for Gas Precision Fermentation,HORIZON-CL6-2025-02-FARM2FORK-14,IMPERIAL COLLEGE OF SCIENCE TECHNOLOGY AND MEDICINE,UK,London,http://www.imperial.ac.uk,https://ec.europa.eu/info/funding-tenders/opportunities/portal/screen/contact-form/project/999993468/101288708,"Global food systems face mounting challenges from climate change, resource scarcity, and fragile supply chains. Gas precision fermentation, a biotechnology where engineered microorganisms convert gases such as CO2 and H2 into nutrients, offers a transformative pathway to sustainable, resilient nutri",5999569,https://cordis.europa.eu/project/id/101288708
101294921,RESURRECTION,2026-09-01,Robotics and AI-assisted Decision Support for Efficient and Sustainable Remanufacturing and Refurbishment in Electronics towards Circular Transformation,HORIZON-CL4-INDUSTRY-2025-01-TWIN-TRANSITION-01,TECHNISCHE UNIVERSITAT DORTMUND,DE,Dortmund,http://www.tu-dortmund.de,https://ec.europa.eu/info/funding-tenders/opportunities/portal/screen/contact-form/project/999848453/101294921,"The shift towards a circular and low-carbon industrial economy requires production systems that can flexibly accommodate heterogeneous streams of end-of-life products and components. RESURRECTION addresses this challenge by developing a modular, interoperable, and human-centric framework for AI-driv","6996987,5",https://cordis.europa.eu/project/id/101294921
101287751,HARMONY,2026-09-01,Hazard Assessment of Marine Mixtures and New Pollutant Synergies,HORIZON-CL6-2025-01-ZEROPOLLUTION-05,UNIVERSITA POLITECNICA DELLE MARCHE,IT,Ancona,http://www.univpm.it,https://ec.europa.eu/info/funding-tenders/opportunities/portal/screen/contact-form/project/999866689/101287751,"HARMONY addresses the cumulative threats of chemical pollution, emerging contaminants, marine litter, and climate change on marine ecosystems and human health. The novelty of the approach is the dual benefit offered by both advancing scientific understanding of the marine exposome and providing acti","5927374,33",https://cordis.europa.eu/project/id/101287751
101287943,PhytoPRISM,2026-09-01,PhytoPRISM: A Platform for supporting a systems approach in Pest RISk Management,HORIZON-CL6-2025-02-FARM2FORK-05,UNIVERSITY OF WARWICK,UK,COVENTRY,http://www.warwick.ac.uk,https://ec.europa.eu/info/funding-tenders/opportunities/portal/screen/contact-form/project/999976784/101287943,"PhytoPRISM will deliver a novel, co-designed data-driven platform to support a systems approach to pest risk management across the agri-food and forestry value chains. By integrating advanced epidemiological modelling with economic and behavioural insights, the platform will enable stakeholders, par","5987600,13",https://cordis.europa.eu/project/id/101287943
101296173,BIOSCALES,2026-09-01,"Optimising Bioeconomy Innovation Ecosystems for Substitution, Circularity, and Longevity to Decouple Sustainability Trade-offs",HORIZON-CL6-2025-03-GOVERNANCE-04,UNIVERSITAET GRAZ,AT,GRAZ,http://www.uni-graz.at,https://ec.europa.eu/info/funding-tenders/opportunities/portal/screen/contact-form/project/999873188/101296173,"BIOSCALES addresses the challenges of bioeconomy as a pathway to a sustainable economic system that balances ecological, social, and economic trade-offs. Despite numerous European initiatives, key conflicts—such as between climate protection and biodiversity, biomass use and ecological quality, and ","3999597,31",https://cordis.europa.eu/project/id/101296173
101287475,PackAhead,2026-09-01,"Sustainable cellulose-based flexible packaging powered by artificial intelligence, machine learning and digital technologies",HORIZON-CL6-2025-01-CIRCBIO-09,TEKNOLOGIAN TUTKIMUSKESKUS VTT OY,FI,Espoo,https://www.vtt.fi,https://ec.europa.eu/info/funding-tenders/opportunities/portal/screen/contact-form/project/932760440/101287475,"PackAhead will unleash the potential of cutting-edge AI and digitalisation technologies in a synthetic biology and sustainable packaging value chain. The project will accelerate enzyme design and will optimise the production of regenerated cellulose films to deliver high-performance, affordable, and","4999794,26",https://cordis.europa.eu/project/id/101287475
101287518,BIOLOGUE,2026-09-01,"UNDERSTANDING BIODIVERSITY PERCEPTIONS FOR INCLUSIVE DIALOGUES AND COMMUNICATION ON BIODIVERSITY, POLICY IMPLEMENTATION AND MANAGEMENT",HORIZON-CL6-2025-01-BIODIV-09,WAGENINGEN UNIVERSITY,NL,Wageningen,http://www.wageningenur.nl/nl.htm,https://ec.europa.eu/info/funding-tenders/opportunities/portal/screen/contact-form/project/999981634/101287518,"The polycrisis of biodiversity loss and climate change demands not only science, but also societal trust, shared understanding and engagement. Across Europe, perceptions of biodiversity are fragmented and increasingly polarised, shaped by diverse values and debates over nature restoration. BIOLOGUE ","2994838,75",https://cordis.europa.eu/project/id/101287518
101288740,VISIONAIR,2026-09-01,Virtual Integration for Sustainable and Innovative Observation of Urban Air Quality,HORIZON-CL6-2025-01-ZEROPOLLUTION-01,VLAAMSE INSTELLING VOOR TECHNOLOGISCH ONDERZOEK N.V.,BE,Mol,http://www.vito.be,https://ec.europa.eu/info/funding-tenders/opportunities/portal/screen/contact-form/project/999645238/101288740,"AMBITION: VISIONAIR aims to transform urban air quality management by developing integrated monitoring, modelling, and decision-support tools combining advanced technologies with citizen participation. It addresses the urgent need for real-time, high-resolution air pollution data linked to health an","7705663,75",https://cordis.europa.eu/project/id/101288740
101289538,PREPAIR-VAC,2026-09-01,PREParedness using Artificial Intelligence for Rapid VACcine design,HORIZON-HLTH-2025-01-DISEASE-04,EUROPEAN VACCINE INITIATIVE EV,DE,Heidelberg,,https://ec.europa.eu/info/funding-tenders/opportunities/portal/screen/contact-form/project/886899810/101289538,"Zoonotic diseases are the cause of >70% of emerging infectious diseases. In PREPAIR-VAC, we use Influenza, specifically H1N1 as a model disease. Vaccination is considered the most effective public health measure to prevent the impact of any viral threats, including Influenza. Current vaccine design ","6572638,75",https://cordis.europa.eu/project/id/101289538
101288899,iNDUCARE,2026-09-01,OPTIMISING THE MANUFACTURING PLATFORM FOR INDIVIDUALIZED IPS CELL BASED HEART REPAIR,HORIZON-HLTH-2025-01-IND-01,MEDIZINISCHE HOCHSCHULE HANNOVER,DE,Hannover,http://www.mh-hannover.de,https://ec.europa.eu/info/funding-tenders/opportunities/portal/screen/contact-form/project/999878426/101288899,"Heart failure and congenital heart defects remain among the leading causes of morbidity and mortality worldwide, with limited treatment options beyond heart transplantation or mechanical support. Autologous induced pluripotent stem cell (hiPSC)–derived cardiomyocytes (hiCMs) offer the potential to r",7985334,https://cordis.europa.eu/project/id/101288899
101290677,AURORAI,2026-09-01,ADVANCING PANDEMIC PREPAREDNESS AND RESPONSE THROUGH HIGH-QUALITY DATA AND AI,HORIZON-HLTH-2025-01-DISEASE-04,IDENER RESEARCH & DEVELOPMENT AIE,ES,LA RINCONADA SEVILLA,,https://ec.europa.eu/info/funding-tenders/opportunities/portal/screen/contact-form/project/901322643/101290677,"AURORAI strengthens EU’s capacity to act swiftly and effectively against future pandemics, including unknown pathogens (Disease X), by harnessing AI and high-quality, trustworthy data. The project develops a unified platform of explainable, ethical, and fast-learning AI tools that address the key ba",6945275,https://cordis.europa.eu/project/id/101290677
101290562,PURE-FOOD,2026-09-01,POLLUTION UNDERSTANDING AND REDUCTION FOR ENVIRONMENTAL SUSTAINABILITY IN THE FOOD AND DRINK INDUSTRIES,HORIZON-CL6-2025-01-ZEROPOLLUTION-07,VLAAMSE INSTELLING VOOR TECHNOLOGISCH ONDERZOEK N.V.,BE,Mol,http://www.vito.be,https://ec.europa.eu/info/funding-tenders/opportunities/portal/screen/contact-form/project/999645238/101290562,"The food and drink industry sector is an essential pillar of Europe’s economy, culture, and food security. Yet, it is also a significant source of environmental pressures, with pollution emissions spanning water, air, and soil. Besides traditional pollutants such as organic matter, nutrients, and od","5999000,5",https://cordis.europa.eu/project/id/101290562
101291450,AIMARIA,2026-09-01,Accelerating Innovation in Marine AI-powered Bioprospecting,HORIZON-CL6-2025-01-CIRCBIO-14,NORGES TEKNISK-NATURVITENSKAPELIGE UNIVERSITET NTNU,NO,TRONDHEIM,http://www.ntnu.no,https://ec.europa.eu/info/funding-tenders/opportunities/portal/screen/contact-form/project/999977851/101291450,"AIMARIA delivers a digital-to-pilot pipeline to unlock the vast but underexploited biosynthetic capacity of marine microbiomes. The project combines AI-driven prioritisation, digital twins, and AI-powered predictive DNA design with advanced synthetic biology, cell-free systems, and engineered novel ","5999996,5",https://cordis.europa.eu/project/id/101291450
101291795,ORBIT,2026-09-01,Operationalisation of Robust Bio-based and Industrial PEF Tools for Circular Compliance and Eco-Design,HORIZON-CL6-2025-01-CIRCBIO-03,ETHNICON METSOVION POLYTECHNION,EL,ATHINA,http://www.ntua.gr,https://ec.europa.eu/info/funding-tenders/opportunities/portal/screen/contact-form/project/999978142/101291795,"Europe’s transition to climate neutrality and a circular economy requires reliable and comparable tools to measure, reduce, and communicate product impacts. The EU’s Product Environmental Footprint (PEF) provides a common method, but uptake is limited by sectoral gaps, fragmented datasets, technical","3983544,89",https://cordis.europa.eu/project/id/101291795
101293508,BLESS,2026-09-01,BRIDGING LIFE-CYCLE EVALUATION AND SAFE SOLUTIONS TOWARDS SEAMLESS CRITERIA FOR PROACTIVE DECISION-MAKING,HORIZON-CL4-INDUSTRY-2025-01-MATERIALS-52,ALMA MATER STUDIORUM - UNIVERSITA DI BOLOGNA,IT,Bologna,http://www.unibo.it,https://ec.europa.eu/info/funding-tenders/opportunities/portal/screen/contact-form/project/999993953/101293508,"BLESS aims to enable the widespread adoption of Life-Cycle Assessment (LCA) tools for chemicals, materials, and their resulting products, fully lined up with the Safe and Sustainable by Design (SSbD) framework and European strategies. By addressing persistent barriers to LCA uptake, particularly amo","4829416,49",https://cordis.europa.eu/project/id/101293508
101293734,Q-VERSE,2026-09-01,Quantum Virtual Ecosystem for a unified Runtime for agnostic Software Engineering,HORIZON-CL4-2025-03-DIGITAL-EMERGING-02,FRAUNHOFER GESELLSCHAFT ZUR FORDERUNG DER ANGEWANDTEN FORSCHUNG EV,DE,MUNCHEN,https://www.fraunhofer.de,https://ec.europa.eu/info/funding-tenders/opportunities/portal/screen/contact-form/project/999984059/101293734,"Q-VERSE will focus on a wide spectrum of algorithmic approaches, directly and indirectly related to quantum computing. Namely, Quantum Machine Learning (QML) and Quantum Optimization, where Q-VERSE will integrate tools for robust quantum software validation, realistic simulation under noise, and ada","4999637,5",https://cordis.europa.eu/project/id/101293734
101295913,JOHN,2026-09-01,Joint Operations for monitoring antHropogenic and Natural GHG emissions and sinks,HORIZON-CL6-2025-03-GOVERNANCE-08,NORCE RESEARCH AS,NO,BERGEN,http://www.norceresearch.no,https://ec.europa.eu/info/funding-tenders/opportunities/portal/screen/contact-form/project/905860788/101295913,"Climate change is a massive challenge facing humanity which the EC will mobilise significant resource to address as part of the 'Green deal'. High quality information streams regarding sources and sinks of greenhouse gases are key for decision making, with it being key that these are usable, accessi","4999814,1",https://cordis.europa.eu/project/id/101295913
101295888,TERRAMARE,2026-09-01,INTEGRATED TERRESTRIAL AND MARINE DECISION SUPPORT TOOL FOR THE ASSESSMENT OF RESOURCE USE TRADE-OFFS IN EUROPE,HORIZON-CL6-2025-03-GOVERNANCE-05,IST-ID ASSOCIACAO DO INSTITUTO SUPERIOR TECNICO PARA A INVESTIGACAO E O DESENVOLVIMENTO,PT,LISBOA,http://www.ist-id.pt,https://ec.europa.eu/info/funding-tenders/opportunities/portal/screen/contact-form/project/954983722/101295888,"TERRAMARE will develop and demonstrate a co-created novel deliberation tool to assess and manage trade-offs in land and sea use for food, fibre, energy, climate mitigation, climate adaptation, biodiversity, and other ecosystem services. The tool will be grounded in biophysically consistent, thermody","4463201,65",https://cordis.europa.eu/project/id/101295888
101295906,GWPathFinder,2026-09-01,GWPathFinder: Projecting Fluorinated Gas Emission Pathways with GWP Insights for a Sustainable Future,HORIZON-CL5-2025-06-D1-03,UNIVERSIDADE DE COIMBRA,PT,COIMBRA,http://www.uc.pt,https://ec.europa.eu/info/funding-tenders/opportunities/portal/screen/contact-form/project/997826391/101295906,The GWPathFinder project will develop and deploy an open-access online tool to provide accurate Global Warming Potential (GWP) values for fluorinated gases (F-gases) and project detailed emission pathways. This initiative directly supports the Kigali and Paris Agreements by providing evidence-based ,"2897568,89",https://cordis.europa.eu/project/id/101295906
101296319,COMEDI,2026-09-01,COpernicus Marine services with Enhanced Data assimilation and improved Interoperability,HORIZON-CL4-2025-02-SPACE-44,STIFTELSEN NANSEN SENTER FOR MILJOOG FJERNMALING,NO,BERGEN,http://www.nersc.no,https://ec.europa.eu/info/funding-tenders/opportunities/portal/screen/contact-form/project/999477913/101296319,"Operational ocean data assimilation systems have strict requirements for stability and may therefore lag behind the latest development from the research community and from neighbouring forecasting centres. To overcome this limitation, COMEDI brings together experts from the Copernicus Marine forecas","4995835,63",https://cordis.europa.eu/project/id/101296319
101296634,SoilPATH,2026-09-01,SOIL Practices Assessment and Transition for Health,HORIZON-MISS-2025-05-SOIL-06,UNIVERSITEIT GENT,BE,GENT,http://www.ugent.be,https://ec.europa.eu/info/funding-tenders/opportunities/portal/screen/contact-form/project/999986096/101296634,Preserving and restoring European soil health requires a monitoring framework that translates directly into better farming and policy decisions. Existing frameworks weakly link soil indicators to the impact of farming practices or their combinations. SoilPATH will develop a harmonised EU model that ,5999998,https://cordis.europa.eu/project/id/101296634
101296397,PROTEUS,2026-09-01,PROTEUS: The Copernicus Agent for Next-Generation Environmental Intelligence,HORIZON-CL4-2025-02-SPACE-45,ETHNICON METSOVION POLYTECHNION,EL,ATHINA,http://www.ntua.gr,https://ec.europa.eu/info/funding-tenders/opportunities/portal/screen/contact-form/project/999978142/101296397,"PROTEUS pioneers the digital transformation of Copernicus by embedding advanced AI and ML across the full value chain, turning open Earth observation into actionable environmental intelligence. At the centre is the Copernicus Agent, a modular framework that connects multimodal foundation models, hyb","11828156,26",https://cordis.europa.eu/project/id/101296397
101297303,SENSORAMA,2026-09-01,SENSORAMA,HORIZON-CL4-2025-03-HUMAN-14,UNIVERSITAET BREMEN,DE,Bremen,http://www.uni-bremen.de,https://ec.europa.eu/info/funding-tenders/opportunities/portal/screen/contact-form/project/999987454/101297303,"SENSORAMA addresses the urgent need for high-fidelity, adaptive, and ethically trustworthy XR training systems. It introduces a synchronized multimodal data model that integrates visual, auditory, haptic, and thermal rendering with ≤20 ms latency, released through open SDKs/APIs fully interoperable ",5999800,https://cordis.europa.eu/project/id/101297303
101297296,HydroDataCube4EU,2026-09-01,"Soil-hydrology data cube for EU: A soil-water-climate modeling platform to support mitigating flood, drought, wildfire events and help raise awareness of soil biodiversity's relevance",HORIZON-MISS-2025-05-SOIL-03,STICHTING OPENGEOHUB,NL,DOORWERTH,,https://ec.europa.eu/info/funding-tenders/opportunities/portal/screen/contact-form/project/903930779/101297296,"HydroDataCube4EU project aims at developing a holistic soil-hydrology-climate modeling system for pan-EU based on EO data and state-of-the-art datasets and models, which will be used to produce a high spatial resolution (10 m) soil-water-climate modeling platform to support mitigating flood, drought","5961049,6",https://cordis.europa.eu/project/id/101297296
101295335,RUST2LIFE,2026-09-01,"Remanufacturing Upscaling via Semantic and interoperable digital Twins towards circuLar, AI-driven, standardized and Industry 5.0-ready manuFacturing Ecosystems",HORIZON-CL4-INDUSTRY-2025-01-TWIN-TRANSITION-01,UNIVERSITY OF SOUTHAMPTON,UK,SOUTHAMPTON,http://www.southampton.ac.uk,https://ec.europa.eu/info/funding-tenders/opportunities/portal/screen/contact-form/project/999975329/101295335,"RUST2LIFE delivers an Industry-5.0, AI-enabled blueprint to scale high-quality remanufacturing in Europe, starting from automotive and transferable to adjacent sectors. The project implements a six-phase factory workflow (intelligent disassembly & sorting, inspection & condition assessment, treatmen","5086874,75",https://cordis.europa.eu/project/id/101295335
101266061,BEETHOVEN,2026-09-01,"Linking Brain, Environment and Ecosystems Through Holistic Omics and Validated Evidence-based Nutrition guidelines",HORIZON-CL6-2025-02-FARM2FORK-12,UNIVERSITAT FUR WEITERBILDUNG KREMS,AT,KREMS,http://www.donau-uni.ac.at,https://ec.europa.eu/info/funding-tenders/opportunities/portal/screen/contact-form/project/999865428/101266061,"Mental health (MH) is a pressing public health challenge in Europe, with growing evidence pointing to diet as a key modifiable factor in its prevention and management. The NUTRI-MIND project aims to identify and validate dietary strategies that support mental well-being by targeting inflammation, mi","4939763,48",https://cordis.europa.eu/project/id/101266061
101289665,Circular4farm,2026-09-01,Scaling Up Circular Water Management to Enhance Agricultural Resilience in Europe,HORIZON-CL6-2025-02-FARM2FORK-03,SOCIEDAD ANONIMA AGRICULTORES DE LAVEGA DE VALENCIA,ES,Valencia,,https://ec.europa.eu/info/funding-tenders/opportunities/portal/screen/contact-form/project/925741132/101289665,"Water scarcity is tightening across Europe, yet infrastructures for reclaimed, grey, desalinated and rain waters remain under-used due to technical, regulatory, economic and social barriers. Circular4Farm closes this gap by demonstrating and scaling safe circular-water management in six pilots (Spai","5114439,5",https://cordis.europa.eu/project/id/101289665
101290494,MICRO-NEST,2026-09-01,Microbiota–Immune–Cognition Relationships from Neonatal Environments to Social Trajectories,HORIZON-HLTH-2025-01-DISEASE-07,INSTITUT NATIONAL DE LA SANTE ET DE LA RECHERCHE MEDICALE,FR,PARIS,http://www.inserm.fr,https://ec.europa.eu/info/funding-tenders/opportunities/portal/screen/contact-form/project/999997833/101290494,"Being born preterm is the strongest known non-genetic factor for autism spectrum disorder (autism): risk is seven times higher, and up to eleven times higher with systemic inflammation. Despite this burden, Europe lacks predictive tools, validated therapeutic targets, and translational models to shi","5999949,5",https://cordis.europa.eu/project/id/101290494
101289597,CIRCOLINK,2026-08-01,Circular Revolution through Collaborative LINKs in Furniture Ecosystems,HORIZON-CL6-2025-01-CIRCBIO-01,LIBERA UNIVERSITA MARIA SANTISSIMAASSUNTA,IT,Roma,,https://ec.europa.eu/info/funding-tenders/opportunities/portal/screen/contact-form/project/949649207/101289597,"Despite strong EU efforts to foster circularity, the furniture sector still faces persistent barriers to its transition. Regarding downstream, market barriers such as high costs for repair and storage, second-hand limited trust, lack of transparency, keep the dominance of fast furniture. These barri","4999123,75",https://cordis.europa.eu/project/id/101289597
101270307,Electric Blue,2026-07-01,Sustainable maritime transport: Technologies for eco-friendly shipping to support coastal communities,HORIZON-CL5-2025-04-D5-11,TEKNOLOGIAN TUTKIMUSKESKUS VTT OY,FI,Espoo,https://www.vtt.fi,https://ec.europa.eu/info/funding-tenders/opportunities/portal/screen/contact-form/project/932760440/101270307,"ELECTRIC BLUE focuses on the demonstration of advanced battery energy storage systems and ship design concepts for existing vessels through retrofitting. Our ambition is to pave the way towards full electrification in maritime transport.A full-scale demonstration on the retrofitted RoPax ferry, Finn","7499060,5",https://cordis.europa.eu/project/id/101270307
101293441,STARLET,2026-07-01,Strategies for technology infrastructures in aviation,HORIZON-CL4-INDUSTRY-2025-01-HUMAN-64,DEUTSCHES ZENTRUM FUR LUFT - UND RAUMFAHRT EV,DE,KOLN,https://www.dlr.de,https://ec.europa.eu/info/funding-tenders/opportunities/portal/screen/contact-form/project/999981731/101293441,"Aviation is undergoing a profound transformation driven by urgent needs to decarbonise transport, strengthen resilience, and maintain global competitiveness. Worldwide, major players are heavily investing in next-generation aviation systems, including hydrogen, hybrid-electric concepts, sustainable ","999996,27",https://cordis.europa.eu/project/id/101293441
101297599,EURO-3C,2026-07-01,EUROpean 3C Networks for Secure Telco-Cloud-Edge,HORIZON-CL4-2025-03-DATA-08,TELEFONICA INNOVACION DIGITAL SL,ES,MADRID,,https://ec.europa.eu/info/funding-tenders/opportunities/portal/screen/contact-form/project/917790915/101297599,"EURO-3C realizes the European Connected Collaborative Computing Networks (3CN) vision by establishing the first large-scale, federated, open, and sovereign Pan-European pilot infrastructure for converged Telco-Edge-Cloud services.The EURO-3C project will address the under-served needs and demands of",74999880,https://cordis.europa.eu/project/id/101297599
101271390,AETHER,2026-06-01,"Advanced Thermal Comfort and Energy Management for Personalized, Efficient and Weather-Aware Electric Vehicle Operation",HORIZON-CL5-2025-04-D5-05,TECHNISCHE UNIVERSITAET ILMENAU,DE,Ilmenau,http://www.tu-ilmenau.de,https://ec.europa.eu/info/funding-tenders/opportunities/portal/screen/contact-form/project/999575204/101271390,"The AETHER Consortium brings together 12 participants from industrial and research backgrounds to de-liver innovative energy management solutions for Battery Electric Vehicles (BEVs), with a focus on light duty vehicles (LDVs) and light commercial vehicles (LCVs) operating in extreme weather conditi","5997801,59",https://cordis.europa.eu/project/id/101271390
101293423,ARGOS,2026-06-01,Artificial intelligence for Real-time Guidance of Onboard SAR applications,HORIZON-CL4-2025-02-SPACE-31,DEUTSCHES ZENTRUM FUR LUFT - UND RAUMFAHRT EV,DE,KOLN,https://www.dlr.de,https://ec.europa.eu/info/funding-tenders/opportunities/portal/screen/contact-form/project/999981731/101293423,"Spaceborne Earth Observation (EO) systems are critical to addressing Europe’s environmental and security challenges, from climate change monitoring and disaster response to border surveillance and situational awareness. Synthetic Aperture Radar (SAR) satellites are particularly valuable given their ","2000223,71",https://cordis.europa.eu/project/id/101293423
101270173,GENeCITY,2026-06-01,Generative Agentic AI and Explainable Digital Twins for Climate-Neutral Cities,HORIZON-MISS-2025-04-CIT-02,MAGGIOLI SPA,IT,SANTARCANGELO DI ROMAGNA,,https://ec.europa.eu/info/funding-tenders/opportunities/portal/screen/contact-form/project/996621457/101270173,"GENeCITY will advance the transition of European cities towards climate neutrality by developing a generative, human-centric and explainable Digital Twin (DT) federated framework. Building on interoperable Local Digital Twins (LDTs), multimodal static and dynamic data streams and novel AI models, th","5999554,04",https://cordis.europa.eu/project/id/101270173
101271067,AIMPERES,2026-06-01,AI-driven Modular Platform for Emission-Reduction & Efficient Shipping,HORIZON-CL5-2025-04-D5-12,FRAUNHOFER GESELLSCHAFT ZUR FORDERUNG DER ANGEWANDTEN FORSCHUNG EV,DE,MUNCHEN,https://www.fraunhofer.de,https://ec.europa.eu/info/funding-tenders/opportunities/portal/screen/contact-form/project/999984059/101271067,"Waterborne transport is at a climate crossroads, with its significant emissions threatening EU Green Deal objectives. As the vast majority of today’s fleet will operate beyond 2040, waiting for new-build solutions is not an option. The sector urgently needs scalable, cost-effective retrofit technolo",4169231,https://cordis.europa.eu/project/id/101271067
101270147,FUTURE,2026-06-01,FACILITIES FOR UNIFIED NEXT-GENERATION WIND TUNNEL TESTING AND RESEARCH IN EUROPE,HORIZON-CL5-2025-04-D5-08,STICHTING KONINKLIJK NEDERLANDS LUCHT - EN RUIMTEVAARTCENTRUM,NL,AMSTERDAM,https://www.nlr.nl,https://ec.europa.eu/info/funding-tenders/opportunities/portal/screen/contact-form/project/999987066/101270147,"The Clean Aviation SRIA outlines the ambitious technology roadmaps required to meet the climate-neutrality goal envisioned by """"Fly the Green Deal"""", focusing on disruptive aircraft concepts powered by hybrid-electric, hydrogen, or ultra-efficient thermal engines. However, the successful European de","15454477,1",https://cordis.europa.eu/project/id/101270147
101294748,CLEANMAT,2026-06-01,"Smart Clean Aluminium Material Processing - Digital  Sorting, Intelligent Pre-treatment, and Advanced Melt Refining",HORIZON-CL4-INDUSTRY-2025-01-TWIN-TRANSITION-36,BRUNEL UNIVERSITY LONDON,UK,UXBRIDGE,http://www.brunel.ac.uk,https://ec.europa.eu/info/funding-tenders/opportunities/portal/screen/contact-form/project/999749610/101294748,"Aluminium recycling is a cornerstone of sustainable metallurgy, yet current processes remain constrained by hazardous fluxing agents, chemical cleaning, and high emissions of particulates, VOCs, dioxins, and salt slag waste. The CLEANMAT project develops an end-to-end optimisation pathway to address","7325420,9",https://cordis.europa.eu/project/id/101294748
101291093,BIOCORE,2026-06-01,BioCORE - BIOrefining in a Circular Operation with Renewable Energy,HORIZON-CL6-2025-01-CIRCBIO-11,UNIVERSITY OF NEWCASTLE UPON TYNE,UK,Newcastle Upon Tyne,http://www.ncl.ac.uk/,https://ec.europa.eu/info/funding-tenders/opportunities/portal/screen/contact-form/project/999985417/101291093,"BioCORE proposes a comprehensive and integrated solution to overcome key energy, sustainability, and operational challenges in processing lignocellulosic biomass residues from agricultural and rural sources in a circular process. The project focuses on developing and demonstrating an end-to-end bior","5499795,38",https://cordis.europa.eu/project/id/101291093
101262970,FERM4FOOD,2026-06-01,SCALABLE CO2-BASED PRECISION FERMENTATION FOR FUNCTIONAL FOOD INGREDIENTS,HORIZON-CL6-2025-02-FARM2FORK-14,AINIA,ES,Paterna Valencia,https://www.ainia.es,https://ec.europa.eu/info/funding-tenders/opportunities/portal/screen/contact-form/project/999947781/101262970,"FERM4FOOD aims to revolutionise the production of functional food ingredients by demonstrating the first integrated, scalable EU platform that converts industrial CO2 emissions into high-value, food-grade ingredients through precision fermentation with genetically engineered microorganisms. Targetin","5999987,13",https://cordis.europa.eu/project/id/101262970
101288591,SENTRY,2026-06-01,A Precision Agriculture Solution for Plant Pathogen Surveillance and Risk Assessment.,HORIZON-CL6-2025-02-FARM2FORK-05,STREMBLE VENTURES LTD,CY,LIMASSOL,,https://ec.europa.eu/info/funding-tenders/opportunities/portal/screen/contact-form/project/954021676/101288591,"Plant pathogens are persistent threats to yields, postharvest quality and food safety. Climate change extends infection windows and accelerates resistance, while current practices remain reactive and pesticide-dependent. SENTRY delivers a systems-based phytosanitary solution that couples novel inter","5999929,02",https://cordis.europa.eu/project/id/101288591
101262484,REMEDYOS,2026-06-01,CLIMATE-RESILIENT INTEGRATED BIO- AND NATURE-BASED REMEDIATION OF PFAS-POLLUTED SITES,HORIZON-CL6-2025-01-ZEROPOLLUTION-03,"IRIS TECHNOLOGY SOLUTIONS, SOCIEDAD LIMITADA",ES,CORNELLA DE LLOBREGAT,http://www.iris.cat,https://ec.europa.eu/info/funding-tenders/opportunities/portal/screen/contact-form/project/998993786/101262484,"Per- and polyfluoroalkyl substances (PFAS) and other persistent organic pollutants (POPs) are among the most challenging environmental threats in Europe, with over 23,000 contaminated sites undermining ecosystem resilience and public health. Current remediation technologies are costly, energy-intens","3997392,65",https://cordis.europa.eu/project/id/101262484
101291290,OCEOMICS,2026-06-01,OCEAN COMPUTATIONAL EXPLORATION AND ANALYTICS FOR THE NOVEL BIOACTIVE MOLECULES’ DISCOVERY AND THEIR EXPLOITATION IN COSMETICS,HORIZON-CL6-2025-01-CIRCBIO-14,AINIA,ES,Paterna Valencia,https://www.ainia.es,https://ec.europa.eu/info/funding-tenders/opportunities/portal/screen/contact-form/project/999947781/101291290,"Marine environments offer untapped potential for developing sustainable natural products with unique properties. However, traditional marine bioprospecting exhibits low discovery rates and limited capacity to identify novel compounds. The incipient integration of digital methods and biotechnological","5475185,75",https://cordis.europa.eu/project/id/101291290
101294264,BRISA,2026-06-01,BREAKTHROUGH RESEARCH ON INDUSTRIAL SAFETY AGAINST AIRBORNE CARCINOGENS AND EMERGING POLLUTANTS,HORIZON-CL4-INDUSTRY-2025-01-TWIN-TRANSITION-36,ASOCIACION DE INVESTIGACION DE LASINDUSTRIAS CERAMICAS AICE,ES,CASTELLON,https://www.itc.uji.es,https://ec.europa.eu/info/funding-tenders/opportunities/portal/screen/contact-form/project/998455436/101294264,"BRISA tackles the urgent challenge of carcinogenic and emerging airborne industrial pollutants, linked to 53% of occupational cancers in the EU and 125,000 premature deaths annually. Energy-intensive industries remain key emitters of respirable crystalline silica, incidental nanoparticles, tVOCs, be","7993644,48",https://cordis.europa.eu/project/id/101294264
101294465,ACT2Flex,2026-06-01,"Flexible, Sustainable and Digitally-Enabled Solutions for Industrial Process Transformation",HORIZON-CL4-INDUSTRY-2025-01-TWIN-TRANSITION-32,POLYTECHNEIO KRITIS,EL,CHANIA,,https://ec.europa.eu/info/funding-tenders/opportunities/portal/screen/contact-form/project/924773848/101294465,"While the rapid deployment of renewable energy offers a major decarbonisation opportunity, most energy-intensive industries remain rigid and unable to adapt production to variable energy supply. This structural inflexibility curtails renewable integration, sustains fossil fuel dependency, and underm","8491137,63",https://cordis.europa.eu/project/id/101294465
101294501,ZEnITh,2026-06-01,Zero Emissions Industrial Technologies (ZEnITh),HORIZON-CL4-INDUSTRY-2025-01-TWIN-TRANSITION-34,CLIVET SPA,IT,Feltre,https://www.clivet.it,https://ec.europa.eu/info/funding-tenders/opportunities/portal/screen/contact-form/project/998627708/101294501,"Industry accounts for around 15% of the EU’s total emissions, with Energy-Intensive Industries (EIIs) representing more than half of the industrial energy consumption. These sectors – including aluminium, steel, cement, lime, chemicals, etc. – rely heavily on thermal energy, with 66% of industrial e",7949979,https://cordis.europa.eu/project/id/101294501
101269457,TIES,2026-06-01,"Transforming Hydropower: Integrating Flexibility, Ecosystem Health, and Societal Needs",HORIZON-CL5-2025-02-D3-04,TECHNISCHE UNIVERSITAET WIEN,AT,Wien,http://www.tuwien.ac.at,https://ec.europa.eu/info/funding-tenders/opportunities/portal/screen/contact-form/project/999979888/101269457,"The TIES project—Transforming Hydropower: Integrating Flexibility, Ecosystem Health, and Societal Needs—aims to redefine hydropower in Europe by developing an integrated innovation framework that enhances operational flexibility, climate-resilience, environmental sustainability, and societal accepta","4296343,35",https://cordis.europa.eu/project/id/101269457
101269551,ALLEGRO,2026-06-01,ALTERNATIVE SILICON WAFER GROWTH TECHNOLOGY FOR LOW-COST HIGH-EFFICIENCY PHOTOVOLTAICS,HORIZON-CL5-2025-02-D3-09,INSTITUTT FOR ENERGITEKNIKK STI,NO,KJELLER,http://www.ife.no,https://ec.europa.eu/info/funding-tenders/opportunities/portal/screen/contact-form/project/999455603/101269551,ALLEGRO aims to establish a competitive and resilient European silicon wafer manufacturing ecosystem by developing and demonstrating a disruptive kerfless wafer technology based on epitaxial growth from the gas phase. This innovative approach eliminates the energy- and material-intensive steps of co,"8980309,48",https://cordis.europa.eu/project/id/101269551
101288911,RUMINATE,2026-06-01,"Advancing Climate-Resilient RUMinant Farming Systems INtegrating Genomics, Environment, and Management StrATEgies",HORIZON-CL6-2025-02-FARM2FORK-07,ETHNIKO KENTRO EREVNAS KAI TECHNOLOGIKIS ANAPTYXIS,EL,THERMI THESSALONIKI,https://www.certh.gr,https://ec.europa.eu/info/funding-tenders/opportunities/portal/screen/contact-form/project/998802502/101288911,"Animal husbandry is strongly linked to the environment; both impacting and being shaped by it. Livestock farming, which contributes approximately 14.5% of global anthropogenic GHG emissions, is a major driver of climate change, which in turn threatens productivity, animal welfare, and the sector’s r","5668207,8",https://cordis.europa.eu/project/id/101288911
101293878,FLARE,2026-06-01,"A Decision Intelligence Platform for FLexible, Agile, Resilient, and Energy-Aware Processes",HORIZON-CL4-INDUSTRY-2025-01-TWIN-TRANSITION-32,MUNSTER TECHNOLOGICAL UNIVERSITY,IE,Cork,,https://ec.europa.eu/info/funding-tenders/opportunities/portal/screen/contact-form/project/892106673/101293878,"FLARE will enhance the resilience of energy-intensive industries by fusing flexibility with AI-driven decision intelligence, and proactive energy orchestration into a single platform, providing a system that can withstand, adapt and recover from the volatility and fluctuations in energy supply, cost","7990695,25",https://cordis.europa.eu/project/id/101293878
101295902,CASI-BIO,2026-06-01,Cascading and Sustainable Innovation for the Bioeconomy,HORIZON-CL6-2025-03-GOVERNANCE-04,APPLIED RESEARCH AND COMMUNICATIONS FUND,BG,SOFIA,http://www.arcfund.net,https://ec.europa.eu/info/funding-tenders/opportunities/portal/screen/contact-form/project/999815376/101295902,"CASI-BIO transforms EU bioeconomy sustainability principles into actionable governance, tools, and policy roadmaps. It responds directly to Horizon Europe Destination 7 by enabling evidence-based policy mixes and multi-level governance for a just, sustainable transition.The project’s objectives are ","3979999,14",https://cordis.europa.eu/project/id/101295902
101296065,BALANSED,2026-06-01,Biomass Assessment of Land and Sea  for Engagement and Deliberation.,HORIZON-CL6-2025-03-GOVERNANCE-05,STICHTING WAGENINGEN RESEARCH,NL,Wageningen,https://www.wur.nl/en/research-results/research-institutes/food-safety-research.htm,https://ec.europa.eu/info/funding-tenders/opportunities/portal/screen/contact-form/project/999547365/101296065,"Building on the Integrated Bioeconomy Land Use Assessment (IBLUA) developed by the JRC, the BALANSED project offers a participatory and iterative approach to bioeconomy governance across Europe. BALANSED puts multi-level deliberation at the centre of its methodology, combining participatory processe","4499936,9",https://cordis.europa.eu/project/id/101296065
101298672,IRIS-XR,2026-06-01,Immersive realism through integrated sensing and optics for extended reality,HORIZON-CL4-2025-03-HUMAN-14,DEUTSCHES FORSCHUNGSZENTRUM FUR KUNSTLICHE INTELLIGENZ GMBH,DE,Kaiserslautern,http://www.dfki.de,https://ec.europa.eu/info/funding-tenders/opportunities/portal/screen/contact-form/project/999607602/101298672,"IRIS-XR aims to design, integrate, and validate a next-generation XR hardware–software platform that redefines the limits of visual quality, energy efficiency, and real-time responsiveness. The project combines breakthroughs in photonics, compact sensing, and AI-driven multimodal interaction to over",5712940,https://cordis.europa.eu/project/id/101298672
101297892,XR-SENSE,2026-06-01,"Next-Generation Visuohaptic Media Representation, Coding and Interactive Rendering for Immersive and Inclusive XR",HORIZON-CL4-2025-03-HUMAN-14,PANEPISTIMIO PATRON,EL,RIO PATRAS,http://www.upatras.gr,https://ec.europa.eu/info/funding-tenders/opportunities/portal/screen/contact-form/project/999894528/101297892,"XR-Sense aims to provide highly innovative and impactful enabling technologies for the next generation of virtual worlds. Based on a coordinated effort by leading scientific and industrial partners, XR-Sense will advance European XR capabilities through a unique combination of practical integration ","5996152,5",https://cordis.europa.eu/project/id/101297892
101295503,StandardAIse,2026-06-01,"AN AI-POWERED, HUMAN-VALIDATED STANDARDISATION LANDSCAPE HUB",HORIZON-CL4-INDUSTRY-2025-01-HUMAN-61,EUROPEAN FEDERATION FOR WELDING JOINING AND CUTTING,BE,Bruxelles / Brussel,https://www.ewf.be,https://ec.europa.eu/info/funding-tenders/opportunities/portal/screen/contact-form/project/997334213/101295503,"The European research and innovation (R&I) ecosystem faces challenges from a fragmented standardisation landscape, creating barriers for innovators, particularly Small and Medium-sized Enterprises (SMEs). The project's mission is to shift the perception of standards from complex texts to user-friend","991616,12",https://cordis.europa.eu/project/id/101295503
101269521,INNO4GRID,2026-06-01,Innovative Technologies for Massive Renewables Integration into The Grid,HORIZON-CL5-2025-02-D3-17,ETHNIKO KAI KAPODISTRIAKO PANEPISTIMIO ATHINON,EL,ATHINA,http://www.elke.uoa.gr,https://ec.europa.eu/info/funding-tenders/opportunities/portal/screen/contact-form/project/999643007/101269521,"Europe aims to become climate-neutral by 2050 under the European Green Deal, with legally binding 2030 targets of a 55% cut in greenhouse gas emissions and at least 42.5% renewable energy (aspiring to 45%). Towards this direction, the EU policies like the Clean Energy for All Europeans Package and t","9999346,75",https://cordis.europa.eu/project/id/101269521
101294202,ARCADIA,2026-06-01,"Advancing Responsible, Compliant, and ethical AI-Driven knowledge vAlorisation for early-stage innovation",HORIZON-CL4-INDUSTRY-2025-01-HUMAN-62,FONDAZIONE HUB INNOVAZIONE TRENTINO,IT,Trento,,https://ec.europa.eu/info/funding-tenders/opportunities/portal/screen/contact-form/project/925112281/101294202,"ARCADIA is a 24-month Horizon Europe Coordination and Support Action that aims to radically improve how research results are turned into societal, economic, and policy impact. Today, the vast majority of publicly funded research across Europe remains underutilised—95% of patents lie inactive, and ma","1997686,25",https://cordis.europa.eu/project/id/101294202
101269621,BHARAT-EU,2026-06-01,BHARAT-EU: Bio-based renewable Hydrogen from Agro/forestry/biogenic Residues through Advanced Technologies,HORIZON-CL5-2025-02-D2-08,POLITECNICO DI MILANO,IT,Milano,http://www.polimi.it,https://ec.europa.eu/info/funding-tenders/opportunities/portal/screen/contact-form/project/999879881/101269621,"To sufice the sustainable H2 demand of future society, the BHARAT-EU project launches a bio-based process suitable for conversion of agricultural, forest and industrial biogenic waste to renewable H2. By combining thermochemical and biological technologies developed in a collaborative frame among EU",4998357,https://cordis.europa.eu/project/id/101269621
101286191,MORSE,2026-06-01,Models supporting practical restoration of habitats and species in Europe’s seas,HORIZON-CL6-2025-01-BIODIV-05,SUOMEN YMPARISTOKESKUS,FI,HELSINKI,http://www.environment.fi/syke,https://ec.europa.eu/info/funding-tenders/opportunities/portal/screen/contact-form/project/999478010/101286191,"MORSE supports the marine restoration in Europe, by (i) providing an integrated modelling framework, (ii) improving the knowledge base for national authorities, and (iii) demonstrating effective and climate-resilient restoration pathways. MORSE is a collaborative effort between (a) modellers advanci","6000474,95",https://cordis.europa.eu/project/id/101286191
101271608,ECOSTEP,2026-06-01,ECOdesign criteria for Sustainability in footwear and Testing methods for Evaluation of Performance,HORIZON-CL6-2025-01-CIRCBIO-02,ASOCIACION EMPRESARIAL DE INVESTIGACION CENTRO TECNOLOGICO DEL CALZADOY DEL PLASTICO DE LA REGION DE MURCIA,ES,Alhama De Murcia,http://www.ctcalzado.org,https://ec.europa.eu/info/funding-tenders/opportunities/portal/screen/contact-form/project/963416417/101271608,"ECOSTEP is a 48-month project to develop, test, and validate an advanced ecodesign methodology for the footwear sector, addressing circularity, durability, and social sustainability across the full value chain. The project will deliver an AI-based tool integrating Life Cycle Sustainability Assessmen","3986988,13",https://cordis.europa.eu/project/id/101271608
101287159,REPhRAME,2026-06-01,REcurrent urinary tract infection: Efficacy and safety of PHage theRapy and Microbiota transfEr,HORIZON-HLTH-2025-01-DISEASE-01,JOHANN WOLFGANG GOETHE-UNIVERSITAET FRANKFURT AM MAIN,DE,FRANKFURT AM MAIN,http://www.uni-frankfurt.de,https://ec.europa.eu/info/funding-tenders/opportunities/portal/screen/contact-form/project/999978724/101287159,"Recurrent urinary tract infections (rUTIs) impose a substantial clinical and socio-economic burden, particularly in women, and are increasingly complicated by antimicrobial resistance (AMR). Current treatment options rely heavily on antibiotics, fueling resistance and limiting therapeutic efficacy. ","15199939,18",https://cordis.europa.eu/project/id/101287159
101288143,TAIST,2026-06-01,TUMOUR ACTIVATED IMMUNOTHERAPY FOR SOLID TUMOURS (TAIST),HORIZON-HLTH-2025-01-TOOL-05,ACCESSION THERAPEUTICS LIMITED,UK,OXFORD,,https://ec.europa.eu/info/funding-tenders/opportunities/portal/screen/contact-form/project/882979943/101288143,"Cancer remains a major global burden, with an estimated 19 million new cases and almost 10 million deaths due to cancer in 2020. For many cancers, the survival rate remains low despite new therapies becoming available. For example, lung cancer survival estimates are 25% at five years. The overall bu","7478174,75",https://cordis.europa.eu/project/id/101288143
101288733,MIREYA,2026-06-01,Multimodal data Integration and AI-based REsearch on environmental exposures in children and Young Adult cancers,HORIZON-MISS-2025-02-CANCER-02,FONDAZIONE IRCCS ISTITUTO NAZIONALE DEI TUMORI,IT,Milan,http://www.istitutotumori.mi.it,https://ec.europa.eu/info/funding-tenders/opportunities/portal/screen/contact-form/project/998538759/101288733,"MIREYA is a pan-European, multi-omic, multi-exposures and multi-disciplinary project that advances research and delivers a yet unavailable understanding of the impact and causal pathway of multiple environmental exposures on the development and outcomes in rare children (0-14 years) and adolescent a","7147876,25",https://cordis.europa.eu/project/id/101288733
101289070,P-PEAKS UTI,2026-06-01,Personalized-Phage Against E. Coli with IV Antibiotic to Knockout Stable Biofilms in Urinary Tract Infections,HORIZON-HLTH-2025-01-DISEASE-01,UNITY HEALTH TORONTO,CA,Toronto,,https://ec.europa.eu/info/funding-tenders/opportunities/portal/screen/contact-form/project/873723427/101289070,"P-PEAKS UTI is a multicenter, intercontinental Phase II randomized controlled trial evaluating the safety, efficacy, and feasibility of personalized bacteriophage therapy in combination with intravenous beta-lactam antibiotics for the secondary prevention of recurrent urinary tract infections (rUTIs","15597531,54",https://cordis.europa.eu/project/id/101289070
101290723,CURE-SHOCK,2026-06-01,CURE-SHOCK: PROCIZUMAB TO REDUCE MORBIDITY AND MORTALITY IN CIRCULATORY SHOCK,HORIZON-HLTH-2025-01-TOOL-05,UNIVERSITAETSKLINIKUM HAMBURG-EPPENDORF,DE,Hamburg,http://www.uke.uni-hamburg.de,https://ec.europa.eu/info/funding-tenders/opportunities/portal/screen/contact-form/project/999857474/101290723,"Circulatory shock, encompassing septic, burn, and traumatic shock, affects over 500,000 patients annually in the EU and USA. It represents a life-threatening condition with 30–50% mortality within 30 days of hospitalization. Current treatments are limited to supportive care, lacking causal therapies",7963475,https://cordis.europa.eu/project/id/101290723
101289276,PHOENIX,2026-06-01,Phase I/II trial of an Oral ER-stress iNducer in relapsed/refractory neuroblastoma and paediatric solid tumours,HORIZON-MISS-2025-02-CANCER-04,FUNDACIO HOSPITAL UNIVERSITARI VALL D'HEBRON - INSTITUT DE RECERCA,ES,BARCELONA,http://www.vhebron.es/vhang.htm,https://ec.europa.eu/info/funding-tenders/opportunities/portal/screen/contact-form/project/999541642/101289276,"Childhood cancer is the leading cause of disease-related death in children, with high-risk neuroblastoma and other aggressive paediatric solid tumours representing a critical unmet need. Despite multimodal therapy, over half of children with relapsed or refractory disease do not achieve long-term su","8468780,31",https://cordis.europa.eu/project/id/101289276
101290181,BioValueAI,2026-06-01,BioValueAI: Digital Innovations for Circulair Bioeconomy,HORIZON-CL6-2025-01-CIRCBIO-09,STICHTING WAGENINGEN RESEARCH,NL,Wageningen,https://www.wur.nl/en/research-results/research-institutes/food-safety-research.htm,https://ec.europa.eu/info/funding-tenders/opportunities/portal/screen/contact-form/project/999547365/101290181,"The European bio-based industry is at a pivotal juncture, facing the dual challenge of improving sustainability and competitiveness in a rapidly evolving global market. Despite its potential, integration of digital technologies in bio-based processes is still limited. BioValueAI aims to transform th","4999984,88",https://cordis.europa.eu/project/id/101290181
101289831,ORIGIN,2026-06-01,ORIGIN - Optimized Routing and Industrial Generation of Ingredients from Nature​,HORIZON-CL6-2025-01-CIRCBIO-08,SILICOLIFE SA,PT,BRAGA,https://www.silicolife.com,https://ec.europa.eu/info/funding-tenders/opportunities/portal/screen/contact-form/project/960208336/101289831,"The ORIGIN project (Optimized Routing and Industrial Generation of Ingredients from Nature) directly addresses the Horizon Europe call HORIZON-CL6-2025-01-CIRCBIO-08: Bioprospecting and optimized production of terrestrial natural products, which seeks innovative, sustainable routes to bio-based ingr",5498237,https://cordis.europa.eu/project/id/101289831
101290046,NEOTREG,2026-06-01,"Early clinical development of first-in-class EGL-001 targeting Tregs in head and neck squamous cell carcinoma, supported by AI-based pathomics",HORIZON-HLTH-2025-01-TOOL-05,EGLE THERAPEUTICS,FR,SURESNES,,https://ec.europa.eu/info/funding-tenders/opportunities/portal/screen/contact-form/project/874195138/101290046,"The NEOTREG project is an SME-led, multidisciplinary initiative designed to accelerate the clinical translation of EGL-001, a first-in-class bispecific fusion antibody that selectively depletes regulatory T cells (Tregs) within the tumour microenvironment. By overcoming immune suppression, EGL-001 e","7999119,5",https://cordis.europa.eu/project/id/101290046
101293777,AgriScienceFM,2026-06-01,AI Foundation Models in Agricultural Sciences,HORIZON-CL4-INDUSTRY-2025-01-DIGITAL-61,WAGENINGEN UNIVERSITY,NL,Wageningen,http://www.wageningenur.nl/nl.htm,https://ec.europa.eu/info/funding-tenders/opportunities/portal/screen/contact-form/project/999981634/101293777,"Foundation models (FMs) have accelerated scientific discoveries for weather prediction, protein folding and natural language processing. Meanwhile, agricultural sciences, where technical breakthroughs could help eradicate world hunger while mitigating environmental pollution and climate impacts, hav","5999966,92",https://cordis.europa.eu/project/id/101293777
101294624,EMPOWR,2026-06-01,Empowering Advanced Manufacturing Workers through Human-Centric Augmentation,HORIZON-CL4-INDUSTRY-2025-01-TWIN-TRANSITION-02,ETHNIKO KENTRO EREVNAS KAI TECHNOLOGIKIS ANAPTYXIS,EL,THERMI THESSALONIKI,https://www.certh.gr,https://ec.europa.eu/info/funding-tenders/opportunities/portal/screen/contact-form/project/998802502/101294624,"EMPOWR will advance the vision of Industry 5.0 by placing human workers at the centre of next-generation manufacturing through adaptive augmentation technologies. The project develops a cognitive ecosystem that combines Artificial Intelligence, Augmented Reality, and Digital Twins to enhance worker ","5978078,79",https://cordis.europa.eu/project/id/101294624
101294707,EXPANSE AI,2026-06-01,Empowering X-sector Pilots for EuropeAn and interNational Scale-up and compEtitiveness in AI,HORIZON-CL4-INDUSTRY-2025-01-HUMAN-63,VDI/VDE INNOVATION + TECHNIK GMBH,DE,Berlin,https://www.vdivde-it.de,https://ec.europa.eu/info/funding-tenders/opportunities/portal/screen/contact-form/project/999731568/101294707,"EXPANSE AI is about more than just scaling technology; it's about cultivating the conditions, ecosystems and collaborative frameworks needed for the responsible, high-impact deployment of AI across Europe. Through the development of methodologies for societal and economic impact assessment, and the ","1999960,63",https://cordis.europa.eu/project/id/101294707
101295156,FUTURA,2026-06-01,"Future Climate, Impact and Emission Pathways and Infrastructure: Informing Risk, Transitions and Responses for Assessment and Society",HORIZON-CL5-2025-06-D1-01,FONDAZIONE CENTRO EURO-MEDITERRANEOSUI CAMBIAMENTI CLIMATICI,IT,LECCE,http://www.cmcc.it,https://ec.europa.eu/info/funding-tenders/opportunities/portal/screen/contact-form/project/999419422/101295156,"FUTURA coordinates European modelling and infrastructure efforts to jointly develop and deploy a sustainable, aligned system for delivering future emissions scenarios, and climate and impact projections to provide responsive support to international assessments and European and international climate","30005105,63",https://cordis.europa.eu/project/id/101295156
101295332,GENMAT,2026-06-01,"Generative Foundation Model for Multi-Scale Materials Discovery, Design and Deployment",HORIZON-CL4-INDUSTRY-2025-01-DIGITAL-61,POLITECNICO DI TORINO,IT,Torino,https://www.polito.it,https://ec.europa.eu/info/funding-tenders/opportunities/portal/screen/contact-form/project/999977754/101295332,"GENMAT will develop and validate Europe’s first integrated multi-scale, multi-modal materials-science foundation model (M3FM), shortening the 10–20-year lab-to-market cycle. A unified AI infrastructure will connect atomic chemistry, microstructure evolution, manufacturing optimisation and in-service","5951724,82",https://cordis.europa.eu/project/id/101295332
101296119,SEADEEP,2026-06-01,Sustainable Energy Advancement through Digitalization for Energy Efficient Production in Aquaculture and Fisheries,HORIZON-MISS-2025-03-OCEAN-03,IVL SVENSKA MILJOEINSTITUTET AB,SE,STOCKHOLM,http://www.ivl.se,https://ec.europa.eu/info/funding-tenders/opportunities/portal/screen/contact-form/project/999476361/101296119,"The SEADEEP project addresses the urgent challenge of reducing CO2 emissions and energy consumption in European aquaculture and small-scale fisheries, sectors that are highly energy-intensive and rely on fossil fuels. Key emission sources include feed production, energy use in Recirculating Aquacult","5980133,75",https://cordis.europa.eu/project/id/101296119
101299091,TRUST,2026-06-01,TRUST - Supporting and Valuing EU Regulatory Compliance with a Seal of TRUST and Co-designed Online Services based on Trustable LLM,HORIZON-CL4-2025-03-DATA-13,MANDAT INTERNATIONAL ALIAS FONDATION POUR LA COOPERATION INTERNATIONALE,CH,GENEVE,,https://ec.europa.eu/info/funding-tenders/opportunities/portal/screen/contact-form/project/996271093/101299091,TRUST ambitions to:  1. Increase LLM reliability for legal guidance:  TRUST will deliver an Enhanced LLM Abstraction Layer (ELAL) based on a Reinforced RAG Model (RRAG) that will combine and leverage cross-LLMs interactions to increase the reliability of LLM outputs and reduce the risk of hallucinat,"7996203,58",https://cordis.europa.eu/project/id/101299091
101298828,QPIC-AI,2026-06-01,AI-ENHANCED PHOTONIC QUANTUM NODES FOR SECURE COMMUNICATIONS,HORIZON-CL4-2025-03-DIGITAL-EMERGING-03,"NATIONAL CENTER FOR SCIENTIFIC RESEARCH """"DEMOKRITOS""""""""",EL,AGIA PARASKEVI,http://www.demokritos.gr,https://ec.europa.eu/info/funding-tenders/opportunities/portal/screen/contact-form/project/999978239/101298828,QPIC-AI is a joint EU–Republic of Korea research initiative that aims to develop AI-enhanced photonic quantum nodes for secure communications. The project addresses two critical barriers to the widespread deployment of Quantum Key Distribution (QKD) environmental drift and reliance on manual calibra,2699283,https://cordis.europa.eu/project/id/101298828
101290166,NeckNET,2026-06-01,INHIBITING RESISTANCE TO IMMUNOTHERAPY IN HEAD&NECK CANCER BY TARGETING NETRIN-1,HORIZON-HLTH-2025-01-TOOL-05,NETRIS PHARMA SAS,FR,LYON,https://www.netrispharma.com,https://ec.europa.eu/info/funding-tenders/opportunities/portal/screen/contact-form/project/975064468/101290166,"NeckNET is a major clinical development initiative aiming to establish a new standard of care for patients with Head & Neck cancer, one of the most devastating indications with poor prognosis at diagnosis and limited therapeutic options. NeckNET focuses on a specific group with immune checkpoint inh","7248397,5",https://cordis.europa.eu/project/id/101290166
101290754,IMPACT,2026-06-01,Innovative Monoclonal antibody against Poxviruses for Advanced CounTermeasures,HORIZON-HLTH-2025-01-DISEASE-03,SCLAVO VACCINES ASSOCIATION,IT,Siena,http://www.sclavo.org,https://ec.europa.eu/info/funding-tenders/opportunities/portal/screen/contact-form/project/972921932/101290754,"To strengthen Europe’s biodefence preparedness and responsiveness to epidemic and deliberate threats, the IMPACT project will develop the first antibody-based countermeasure for orthopoxviruses, targeting both variola major virus (VARV) and monkeypox virus (MPXV) with a single antibody. The project ","9999917,52",https://cordis.europa.eu/project/id/101290754
101293799,iLCA4SSbD,2026-06-01,Integration of Life Cycle Assessment methodologies for Safe and Sustainable by Design,HORIZON-CL4-INDUSTRY-2025-01-MATERIALS-52,SSBD CONSULTING EUROPE SL,ES,DENIA (ALICANTE),,https://ec.europa.eu/info/funding-tenders/opportunities/portal/screen/contact-form/project/880246774/101293799,"iLCA4SSbD aims to accelerate the industrial uptake of Lifecycle Assessment (LCA) in Safe and Sustainable by Design (SSbD)  by developing a user-friendly digital platform that supports integrated LCA (iLCA) and provides access to state-of-the-art life cycle sustainability assessment methods, tools an","4999369,23",https://cordis.europa.eu/project/id/101293799
101294475,MANUFACTOR,2026-06-01,A MULTI-AGENT SYSTEM FOR COGNITIVE & PHYSICAL AUGMENTATION IN MANUFACTURING,HORIZON-CL4-INDUSTRY-2025-01-TWIN-TRANSITION-02,HOGSKOLAN I SKOVDE,SE,Skovde,,https://ec.europa.eu/info/funding-tenders/opportunities/portal/screen/contact-form/project/999587814/101294475,"MANUFACTOR will pioneer human-centric augmentation in advanced manufacturing by combining multi-modal sensing, AI-driven agents and human digital twins into an integrated platform. At its core is the OMNI-SENSE suite, fusing 3D shopfloor vision, wearable biosignal sensors, tactile and portable inspe","5983759,74",https://cordis.europa.eu/project/id/101294475
101298721,IRIS Africa,2026-05-01,IRIS Africa: Intelligent and Responsible Innovation with GenAI for Societal impact,HORIZON-CL4-2025-04-HUMAN-08,SUSTAINABLE TRANSITION SOCIETA' COOPERATIVA,IT,Ravenna,,https://ec.europa.eu/info/funding-tenders/opportunities/portal/screen/contact-form/project/883965754/101298721,"The IRIS Africa project aims to bridge the gap in Generative AI (GenAI) adoption across Africa, focusing on empowering rural populations, women, and youth through tailored AI solutions in agriculture and healthcare. By developing context-specific Large Language Models (LLMs) and risk-classification ",1999982,https://cordis.europa.eu/project/id/101298721
101270324,TWIN4CITIES,2026-05-01,Intelligent Digital Solutions for Transforming Urban Ecosystems into Resilient Climate-Neutral Entities,HORIZON-MISS-2025-04-CIT-02,ETHNIKO KENTRO EREVNAS KAI TECHNOLOGIKIS ANAPTYXIS,EL,THERMI THESSALONIKI,https://www.certh.gr,https://ec.europa.eu/info/funding-tenders/opportunities/portal/screen/contact-form/project/998802502/101270324,"TWIN4CITIES is a groundbreaking initiative designed to support urban environments in their efficient planning and management, transforming them into vibrant, climate-neutral and resilient environments, while facilitating the accomplishment of their environmental goals. The project's primary objectiv","5999950,63",https://cordis.europa.eu/project/id/101270324
101270783,TWINVERSE,2026-05-01,The Federated Universe of AI-Enhanced Digital Twins to Achieve Climate Neutrality of Urban Environments,HORIZON-MISS-2025-04-CIT-02,FONDAZIONE LINKS - LEADING INNOVATION & KNOWLEDGE FOR SOCIETY,IT,Torino,,https://ec.europa.eu/info/funding-tenders/opportunities/portal/screen/contact-form/project/916573856/101270783,"European cities are at the frontline of the climate crisis, responsible for over 70% of global CO2 emissions while hosting 75% of the EU population—a figure projected to rise further. Cities are also increasingly exposed to the compounding impacts of heatwaves, flooding, air pollution, and energy po","5988205,25",https://cordis.europa.eu/project/id/101270783
101270016,FIT-HORIZONS,2026-05-01,Flexible Tool Environment for Holistic Retrofits and Decarbonization of Ships,HORIZON-CL5-2025-04-D5-13,SINTEF OCEAN AS,NO,TRONDHEIM,http://www.sintef.no/ocean,https://ec.europa.eu/info/funding-tenders/opportunities/portal/screen/contact-form/project/997806603/101270016,The FIT-HORIZONS project aims to develop an intelligent tool for the design of retrofit solutions for waterborne vessels that will be able to analyse a multitude of different retrofit technologies and their combinations in a holistic manner. This is urgently needed to reduce Green House Gas emission,"3998318,53",https://cordis.europa.eu/project/id/101270016
101294797,AUTONIX,2026-05-01,NEXT-GENERATION AUTOMOTIVE REMANUFACTURING,HORIZON-CL4-INDUSTRY-2025-01-TWIN-TRANSITION-01,PANEPISTIMIO PATRON,EL,RIO PATRAS,http://www.upatras.gr,https://ec.europa.eu/info/funding-tenders/opportunities/portal/screen/contact-form/project/999894528/101294797,"AUTONIX will pioneer a new generation of digital and circular manufacturing solutions for automotive remanufacturing, enabling the transition from linear value chains to scalable circular ecosystems. The project will create an AI-enabled, interoperable physical–digital ecosystem tailored to the high","6359668,75",https://cordis.europa.eu/project/id/101294797
101270878,DYNACITY,2026-05-01,"Dynamic Digital Twins and AI-Enabled Urban Planning for Sustainable, Citizen-Centred Cities",HORIZON-MISS-2025-04-CIT-02,PANEPISTIMIO PATRON,EL,RIO PATRAS,http://www.upatras.gr,https://ec.europa.eu/info/funding-tenders/opportunities/portal/screen/contact-form/project/999894528/101270878,"DynaCITY introduces a new paradigm in sustainable and inclusive urban transformation by developing an AI-powered, participatory Digital Twin framework tailored to the complex needs of cities transitioning toward climate neutrality. Aligned with the Horizon Europe and MISSION strategies, DynaCITY del",5998325,https://cordis.europa.eu/project/id/101270878
101294402,RECITHERM,2026-05-01,REVERSIBLE THERMODYNAMIC ENERGY STORAGE FOR RENEWABLE ENERGY CARRIERS VIA EFFICIENT WORK TO HEAT TO WORK TRANSFORMATION FOR THE PROCESS INDUSTRIES,HORIZON-CL4-INDUSTRY-2025-01-TWIN-TRANSITION-33,INEGI - INSTITUTO DE CIENCIA E INOVACAO EM ENGENHARIA MECANICA E ENGENHARIA INDUSTRIAL,PT,PORTO,http://www.inegi.pt,https://ec.europa.eu/info/funding-tenders/opportunities/portal/screen/contact-form/project/996840968/101294402,"Renewable energy carriers such as electricity, green hydrogen, solar heat exhibit significant temporal variations; process industry sites must cope with fluctuating energy inputs while meeting stringent energy efficiency, environmental and economic criteria. RECITHERM addresses this challenge by dev","10117311,25",https://cordis.europa.eu/project/id/101294402
101269157,Euro CZ factory,2026-05-01,Safe and stable low-power high-performance European CZ technology ready for accelerated scaling of a sustainable Western PV value chain,HORIZON-CL5-2025-02-D3-09,SINTEF AS,NO,Trondheim,http://www.sintef.no,https://ec.europa.eu/info/funding-tenders/opportunities/portal/screen/contact-form/project/910945140/101269157,"Silicon-based solar cells were developed in the West, but the industrial ecosystem is now in China. PV is quickly becoming the world’s most important source of green electricity, and the geopolitical situation has led to large subsidies for PV industries in USA, India, and Europe. CZ ingot and wafer","8999396,63",https://cordis.europa.eu/project/id/101269157
101289347,BGEplus,2026-05-01,Biodiversity Genomics Europe plus,HORIZON-CL6-2025-01-BIODIV-03,STICHTING NATURALIS BIODIVERSITY CENTER,NL,Leiden,http://www.naturalis.nl,https://ec.europa.eu/info/funding-tenders/opportunities/portal/screen/contact-form/project/999603043/101289347,"Bidoiversity Genomics Europe plus (BGE+) builds on a pan-European collaboration to scale up the production and uptake of genomic evidence for taxonomy, monitoring and policy. It widens participation, standardises methods, and prepares a distributed European system for biodiversity genomics that link","11999887,5",https://cordis.europa.eu/project/id/101289347
101293392,OASIS,2026-05-01,Observation and AI-powered System for Intelligent water Solutions,HORIZON-CL6-2025-03-GOVERNANCE-09,SUOMEN YMPARISTOKESKUS,FI,HELSINKI,http://www.environment.fi/syke,https://ec.europa.eu/info/funding-tenders/opportunities/portal/screen/contact-form/project/999478010/101293392,"OASIS will deliver Earth Intelligence in the water thematic domain to address global challenges, support European Union (EU) policies. We tackle main aspects of water resilience and water cycle management and create innovative policy-mixes with biodiversity and climate change. OASIS is targeted both","7492126,88",https://cordis.europa.eu/project/id/101293392
101269565,SE-HYDRO,2026-05-01,Socially and Environmentally harmonized HYDRopower Operations,HORIZON-CL5-2025-02-D3-04,ETHNICON METSOVION POLYTECHNION,EL,ATHINA,http://www.ntua.gr,https://ec.europa.eu/info/funding-tenders/opportunities/portal/screen/contact-form/project/999978142/101269565,"Hydropower is still the linchpin of the European renewable energy sector, supplying virtually one third of renewable electricity and essential flexibility services. But its future is ever more threatened by environmental degradation, social opposition, and global competition. SE-HYDRO tackles this t","3999748,28",https://cordis.europa.eu/project/id/101269565
101298343,QuoUSKWe,2026-05-01,Quantum computing European Union-South Korea Working Team,HORIZON-CL4-2025-03-DIGITAL-EMERGING-03,POLITECNICO DI MILANO,IT,Milano,http://www.polimi.it,https://ec.europa.eu/info/funding-tenders/opportunities/portal/screen/contact-form/project/999879881/101298343,"QuoUSKWe aims to accelerate the adoption of quantum computing by addressing key barriers such as complex programming interfaces, limited optimization, and fragmented development tools. The project is structured around four main research pillars of relevant academic and industrial interest.Compiler a","2667076,25",https://cordis.europa.eu/project/id/101298343
101290497,COCO-AI,2026-05-01,"AI-Optimised Plant Cell Culture Platform for Sustainable Production of Secondary Metabolites, Demonstrated with Cocoa",HORIZON-CL6-2025-01-CIRCBIO-08,FRAUNHOFER GESELLSCHAFT ZUR FORDERUNG DER ANGEWANDTEN FORSCHUNG EV,DE,MUNCHEN,https://www.fraunhofer.de,https://ec.europa.eu/info/funding-tenders/opportunities/portal/screen/contact-form/project/999984059/101290497,"Europe’s bioeconomy is constrained by the limited and unsustainable supply of terrestrial natural products, creating dependency on fragile imports and placing pressure on global ecosystems. Plant cell culture offers a land-independent alternative for producing natural products, but its broader use i",5499663,https://cordis.europa.eu/project/id/101290497
101296676,HiPEAC,2026-05-01,"High Performance, Edge And Cloud computing",HORIZON-CL4-2025-03-DATA-10,UNIVERSITEIT GENT,BE,GENT,http://www.ugent.be,https://ec.europa.eu/info/funding-tenders/opportunities/portal/screen/contact-form/project/999986096/101296676,"HiPEAC will reinforce Europe's computing ecosystem across the IoT, edge, cloud and HPC continuum through clear objectives and practical actions. Objectives are: 1) produce and disseminate an annually updated community vision that translates technical, business and societal trends into research and p",2500000,https://cordis.europa.eu/project/id/101296676
101269943,EVEREST,2026-04-01,Energy-efficient VEhicle Range Enhancement through Smart Thermal design and user-centric solutions,HORIZON-CL5-2025-04-D5-05,AIT AUSTRIAN INSTITUTE OF TECHNOLOGY GMBH,AT,WIEN,http://www.ait.ac.at/,https://ec.europa.eu/info/funding-tenders/opportunities/portal/screen/contact-form/project/999584128/101269943,"EVEREST addresses the “expected outcome” and “scope” of the CL5-2025-04-D5-05 topic by developing and demonstrating innovative, user-centric, and cost-effective thermal and energy management solutions for battery-electric LDVs and LCVs that maintain driving range under extreme weather while accounti","5997128,87",https://cordis.europa.eu/project/id/101269943
101296624,SPE,2026-04-01,Strategy for Post Exascale,HORIZON-CL4-2025-03-DIGITAL-EMERGING-04,INSTITUT NATIONAL DE RECHERCHE EN INFORMATIQUE ET AUTOMATIQUE,FR,Le Chesnay Cedex,http://www.inria.fr,https://ec.europa.eu/info/funding-tenders/opportunities/portal/screen/contact-form/project/999547074/101296624,"The SPE project addresses one of Europe’s most pressing technological challenges: preparing the convergence of High Performance Computing (HPC), Artificial Intelligence (AI), and Quantum Computing and Simulation (QCS). It will identify key research and technological challenges and produce a strategi","2498856,25",https://cordis.europa.eu/project/id/101296624
101269495,SecRHC-4.0,2026-03-01,Secretariat of the European Technology and Innovation Platform on Renewable Heating and Cooling (4th evolution),HORIZON-CL5-2025-02-D2-11,EUREC EESV,BE,BRUXELLES,https://www.eurec.be,https://ec.europa.eu/info/funding-tenders/opportunities/portal/screen/contact-form/project/998062780/101269495,This proposal builds upon the longstanding work and expertise (i.e. 3 previous projects) developed by the secretariat of the European Technology and Innovation Platform on Renewable Heating and Cooling (RHC-ETIP) since its inception in 2009. It reflects a deep understanding of the platform’s strateg,"516079,25",https://cordis.europa.eu/project/id/101269495
101239401,periASTY,2026-01-01,"Flexibly adjustable mobility, energy, industry, and governance innovations to improve decarbonisation of periurban areas and accelerate their integration in the transition towards climate neutrality",HORIZON-MISS-2024-CIT-01-04,EUROPEAN ROAD TRANSPORT TELEMATICS IMPLEMENTATION COORDINATION ORGANISATION - INTELLIGENT TRANSPORT SYSTEMS & SERVICES EUROPE,BE,Bruxelles / Brussel,http://www.ertico.com,https://ec.europa.eu/info/funding-tenders/opportunities/portal/screen/contact-form/project/999785112/101239401,"periASTY envisions fostering the integration of peri-urban areas’ transition towards climate neutrality by advancing and developing mobility, energy, industry, and governance-related net zero technologies and business models. A suite of innovations, the periInnovations, is designed to host technolog","9239025,75",https://cordis.europa.eu/project/id/101239401
101239638,BIO-INTEL-MOB,2026-01-01,"INTEGRATING SUSTAINABLE MOBILITY AND LOGISTICS WITH CITIZEN-CENTRIC INTELLIGENT SOLUTIONS FOR SAFE, SMART, GREEN, RESILIENT, AND INCLUSIVE CITIES",HORIZON-MISS-2024-CIT-01-04,UNIVERSITA DEGLI STUDI DI ROMA LA SAPIENZA,IT,Roma,http://www.uniroma1.it,https://ec.europa.eu/info/funding-tenders/opportunities/portal/screen/contact-form/project/999987745/101239638,"BIO-INTEL-MOB aims to revolutionize peri-urban mobility, logistics, and governance through AI-driven, citizen-centric, and climate-neutral solutions. Addressing fragmented mobility networks, inefficient logistics, and governance gaps, the project integrates Advanced Mobility Data Space (aMDS), Peri-","8965812,5",https://cordis.europa.eu/project/id/101239638
101235215,METHCESFUEL,2026-01-01,RENEWABLE METHANOL-BASED SYNTHETIC MULTIFUEL PRODUCTION,HORIZON-CL5-2024-D3-02-02,UNIVERSIDAD DE SEVILLA,ES,Sevilla,http://www.us.es,https://ec.europa.eu/info/funding-tenders/opportunities/portal/screen/contact-form/project/999862518/101235215,"The METHCESFUEL project pioneers next-generation synthetic renewable fuel technologies, contributing to Europe’s climate neutrality, energy security, and industrial resilience. By integrating carbon capture, green hydrogen, and thermochemical energy storage (TCES), the project enables the cost-effec","3996062,5",https://cordis.europa.eu/project/id/101235215
101235233,ToFuel,2026-01-01,ToFUEL – AN INTEGRATED BIOREFINERY FOR SUSTAINABLE AVIATION FUEL PRODUCTION FROM TOMATO RESIDUES,HORIZON-CL5-2024-D3-02-03,TECHNISCHE UNIVERSITAET GRAZ,AT,Graz,http://www.tugraz.at,https://ec.europa.eu/info/funding-tenders/opportunities/portal/screen/contact-form/project/999977948/101235233,"The production of Sustainable Aviation Fuels (SAF) from renewable feedstock, such as agricultural waste streams, is vital in reducing the carbon footprint of the aviation sector and achieving the European climate neutrality goals. The ToFuel project focuses on converting waste streams from tomato pr","3499997,5",https://cordis.europa.eu/project/id/101235233
101192711,HyperMorpH,2026-01-01,Synergistic Integration of Hyperconducting Electric Propulsion and Composite Structures with Intelligent Morphing for Hydrogen-Powered Aviation,HORIZON-CL5-2024-D5-01-08,INEGI - INSTITUTO DE CIENCIA E INOVACAO EM ENGENHARIA MECANICA E ENGENHARIA INDUSTRIAL,PT,PORTO,http://www.inegi.pt,https://ec.europa.eu/info/funding-tenders/opportunities/portal/screen/contact-form/project/996840968/101192711,"HyperMorpH focuses on hybrid-electric hydrogen-powered aircraft architectures. It suggests that as liquid hydrogen (LH2) becomes available for zero-emissions aircraft, cryogenically-cooled electric propulsion systems will become more economically viable. Advanced, sustainable composites, particularl","4999397,66",https://cordis.europa.eu/project/id/101192711
101214557,TerraTwin,2026-01-01,Digital Twin-sustained 7D for the complex interplay between the climate and biodiversity crises including social-economic factors,HORIZON-MISS-2024-CLIMA-01-04,NETCOMPANY S.A.,LU,Luxembourg,http://www.intrasoft-intl.com,https://ec.europa.eu/info/funding-tenders/opportunities/portal/screen/contact-form/project/999702371/101214557,"TerraTwin project aims to develop a holistic DTE (Digital Twin of Ecosystem) tool, to better understand the complex interplay between climate change and marine and terrestrial biodiversity. This will be accomplished by leveraging existing multiparametric data from various sources, for marine, land, ","3162593,13",https://cordis.europa.eu/project/id/101214557
101235566,RoboCons,2026-01-01,Advancing Cooperative Robotics for a Sustainable and Automated Construction Future,HORIZON-CL5-2024-D4-02-02,IKERLAN S. COOP,ES,MONDRAGON,http://www.ikerlan.es,https://ec.europa.eu/info/funding-tenders/opportunities/portal/screen/contact-form/project/999581315/101235566,"The European construction sector stands at a pivotal turning point, where traditional methods of subcontracting and project management are increasingly strained by workforce shortages, sustainability targets, and heightened client expectations. Currently, this industry is one of the most energy-inte","3998932,5",https://cordis.europa.eu/project/id/101235566
